<TODOLIST>
	<UITHEME STYLE = "GLASS">

		<COLOR NAME = "APPBACKDARK"		R = "200" G = "225" B = "255"/>
		<COLOR NAME = "APPBACKLIGHT"	R = "220" G = "235" B = "255"/>
		<COLOR NAME = "APPLINES"		R = "230" G = "245" B = "255"/>
		<COLOR NAME = "MENUBACK"		R = "220" G = "235" B = "255"/>
		<COLOR NAME = "TOOLBARDARK"		R = "200" G = "225" B = "255"/>
		<COLOR NAME = "TOOLBARLIGHT"	R = "220" G = "235" B = "255"/>
		<COLOR NAME = "STATUSBARDARK"	R = "200" G = "225" B = "255"/>
		<COLOR NAME = "STATUSBARLIGHT"	R = "220" G = "235" B = "255"/>
<!--
		<COLOR NAME = "" R = "" G = "" B = ""/>
		<COLOR NAME = "" R = "" G = "" B = ""/>
		<COLOR NAME = "" R = "" G = "" B = ""/>
-->
	</UITHEME>
</TODOLIST>

